{
  "memo": [
    {
      "id": "a001",
      "title": "첫 번째 메모",
      "content": "메모1"
    },
    {
      "id": "a002",
      "title": "두 번째 메모",
      "content": "메모2"
    },
    {
      "id": "a003",
      "title": "세 번째 메모",
      "content": "메모3"
    },
    {
      "id": "a004",
      "title": "네 번째 메모",
      "content": "메모4"
    },
    {
      "id": "a006",
      "title": "첫 번째 메모",
      "content": "메모1"
    },
    {
      "id": "a006",
      "title": "첫 번째 메모",
      "content": "메모1"
    }
  ]
}